d,theory_T,psd_T,psd_err,psd_probe_T
10,226783.07859109645,239504.32606957128,11975.216303478564,239573.52638744647
50,239658.58189056927,255238.5523723989,12761.927618619946,255347.3636667267
100,245203.75933504882,247895.92404474353,12394.796202237178,247959.8804546063
500,258079.2626345216,271643.084905934,13582.1542452967,271726.76005408715
1000,263624.4400790012,276717.0781681563,13835.853908407817,276790.0172896049
