method,final_train_loss,final_test_accuracy,time_hours
SGD + Momentum,0.01139650092007679,98.32178904370878,2.043064924539498
Adam,0.008584146659177916,98.38306944830036,1.5426959580834396
PSD,0.004988363609001967,98.85522074661374,2.320257282507348
PSD-Probe,0.0052626477965033325,98.8316179814682,2.410506668368804
