noise_sigma2_over_eps2,batch_size,iterations,success_rate
0.0,1,4707.722605082953,1.0009745096576639
1.0,4,4733.242354271786,0.9605993024119538
10.0,40,5706.970624725749,0.9519941127901651
100.0,400,8592.590250659634,0.9354317886524777
